Missing Files,resolution
[RA][test0277_config][QP26].266,360
[RA][test0277_config][QP28].266,360
[RA][test0277_config][QP30].266,360
[RA][test0277_config][QP32].266,360
[RA][test0277_config][QP34].266,360
[RA][test0277_config][QP36].266,360
[RA][test0277_config][QP38].266,360
[RA][test0277_config][QP40].266,360
[RA][test0277_config][QP42].266,360
[RA][test0277_config][QP44].266,360
[RA][test0277_config][QP46].266,360
[RA][test0277_config][QP48].266,360
[RA][test0277_config][QP50].266,360
[RA][test0278_config][QP10].266,360
[RA][test0278_config][QP12].266,360
[RA][test0278_config][QP14].266,360
[RA][test0278_config][QP16].266,360
[RA][test0278_config][QP18].266,360
[RA][test0278_config][QP20].266,360
[RA][test0278_config][QP22].266,360
[RA][test0278_config][QP24].266,360
[RA][test0278_config][QP26].266,360
[RA][test0278_config][QP28].266,360
[RA][test0278_config][QP30].266,360
[RA][test0278_config][QP32].266,360
[RA][test0278_config][QP34].266,360
[RA][test0278_config][QP36].266,360
[RA][test0278_config][QP38].266,360
[RA][test0278_config][QP40].266,360
[RA][test0278_config][QP42].266,360
[RA][test0278_config][QP44].266,360
[RA][test0278_config][QP46].266,360
[RA][test0278_config][QP48].266,360
[RA][test0278_config][QP50].266,360
[RA][test0279_config][QP10].266,360
[RA][test0279_config][QP12].266,360
[RA][test0279_config][QP14].266,360
[RA][test0279_config][QP16].266,360
[RA][test0279_config][QP18].266,360
[RA][test0279_config][QP20].266,360
[RA][test0279_config][QP22].266,360
[RA][test0279_config][QP24].266,360
[RA][test0279_config][QP26].266,360
[RA][test0279_config][QP28].266,360
[RA][test0279_config][QP30].266,360
[RA][test0279_config][QP32].266,360
[RA][test0279_config][QP34].266,360
[RA][test0279_config][QP36].266,360
[RA][test0279_config][QP38].266,360
[RA][test0279_config][QP40].266,360
[RA][test0279_config][QP42].266,360
[RA][test0279_config][QP44].266,360
[RA][test0279_config][QP46].266,360
[RA][test0279_config][QP48].266,360
[RA][test0279_config][QP50].266,360
[RA][test0280_config][QP10].266,360
[RA][test0280_config][QP12].266,360
[RA][test0280_config][QP14].266,360
[RA][test0280_config][QP16].266,360
[RA][test0280_config][QP18].266,360
[RA][test0280_config][QP20].266,360
[RA][test0280_config][QP22].266,360
[RA][test0280_config][QP24].266,360
[RA][test0280_config][QP26].266,360
[RA][test0280_config][QP28].266,360
[RA][test0280_config][QP30].266,360
[RA][test0280_config][QP32].266,360
[RA][test0280_config][QP34].266,360
[RA][test0280_config][QP36].266,360
[RA][test0280_config][QP38].266,360
[RA][test0280_config][QP40].266,360
[RA][test0280_config][QP42].266,360
[RA][test0280_config][QP44].266,360
[RA][test0280_config][QP46].266,360
[RA][test0280_config][QP48].266,360
[RA][test0280_config][QP50].266,360
[RA][test0281_config][QP10].266,360
[RA][test0281_config][QP12].266,360
[RA][test0281_config][QP14].266,360
[RA][test0281_config][QP16].266,360
[RA][test0281_config][QP18].266,360
[RA][test0281_config][QP20].266,360
[RA][test0281_config][QP22].266,360
[RA][test0281_config][QP24].266,360
[RA][test0281_config][QP26].266,360
[RA][test0281_config][QP28].266,360
[RA][test0281_config][QP30].266,360
[RA][test0281_config][QP32].266,360
[RA][test0281_config][QP34].266,360
[RA][test0281_config][QP36].266,360
[RA][test0281_config][QP38].266,360
[RA][test0281_config][QP40].266,360
[RA][test0281_config][QP42].266,360
[RA][test0281_config][QP44].266,360
[RA][test0281_config][QP46].266,360
[RA][test0281_config][QP48].266,360
[RA][test0281_config][QP50].266,360
[RA][test0282_config][QP10].266,360
[RA][test0282_config][QP12].266,360
[RA][test0282_config][QP14].266,360
[RA][test0282_config][QP16].266,360
[RA][test0282_config][QP18].266,360
[RA][test0282_config][QP20].266,360
[RA][test0282_config][QP22].266,360
[RA][test0282_config][QP24].266,360
[RA][test0282_config][QP26].266,360
[RA][test0282_config][QP28].266,360
[RA][test0282_config][QP30].266,360
[RA][test0282_config][QP32].266,360
[RA][test0282_config][QP34].266,360
[RA][test0282_config][QP36].266,360
[RA][test0282_config][QP38].266,360
[RA][test0282_config][QP40].266,360
[RA][test0282_config][QP42].266,360
[RA][test0282_config][QP44].266,360
[RA][test0282_config][QP46].266,360
[RA][test0282_config][QP48].266,360
[RA][test0282_config][QP50].266,360
[RA][test0283_config][QP10].266,360
[RA][test0283_config][QP12].266,360
[RA][test0283_config][QP14].266,360
[RA][test0283_config][QP16].266,360
[RA][test0283_config][QP18].266,360
[RA][test0283_config][QP20].266,360
[RA][test0283_config][QP22].266,360
[RA][test0283_config][QP24].266,360
[RA][test0283_config][QP26].266,360
[RA][test0283_config][QP28].266,360
[RA][test0283_config][QP30].266,360
[RA][test0283_config][QP32].266,360
[RA][test0283_config][QP34].266,360
[RA][test0283_config][QP36].266,360
[RA][test0283_config][QP38].266,360
[RA][test0283_config][QP40].266,360
[RA][test0375_config][QP16].266,1440
